date,regime_code,regime_name_EN,regime_name_FR,growth_state,inflation_state,stress_overlay,global_sync,cfnai_ma3,sahmrealtime,sos,pce_trimmed_12m,t5yifr,nfci,t10y2y,fedfunds,dtwexbgs_3m_pct,brent_yoy_pct,headline_underlying_divergence,thresholds_version,data_quality,global_qualifiers,icsa_4w_ma_yoy_pct,icsa_corroboration_triggered
2003-01-01,8,Transition / Mixed signals,Transition / Signaux mixtes,G_neutral,I_neutral,accommodating,synchronized,-0.02,0.23,,2.08,2.13,-0.5032,2.28,1.24,,60.5561,True,1.1.0,full,"[""commodity supply/demand shock"", ""acute global market stress""]",-3.3048,False
2003-02-01,8,Transition / Mixed signals,Transition / Signaux mixtes,G_neutral,I_neutral,accommodating,synchronized,-0.2233,0.2,,2.01,2.13,-0.5305,2.18,1.26,,61.5878,True,1.1.0,full,"[""commodity supply/demand shock"", ""elevated market volatility""]",3.0075,False
2003-03-01,8,Transition / Mixed signals,Transition / Signaux mixtes,G_neutral,I_neutral,accommodating,synchronized,-0.0867,0.13,,1.99,1.95,-0.5617,2.32,1.25,,29.1561,False,1.1.0,full,"[""commodity supply/demand shock"", ""elevated market volatility""]",6.4456,False
2003-04-01,8,Transition / Mixed signals,Transition / Signaux mixtes,G_neutral,I_neutral,accommodating,synchronized,-0.4267,0.13,,1.84,2.01,-0.6465,2.38,1.26,,-2.8372,False,1.1.0,full,"[""elevated market volatility""]",-2.5253,False
2003-05-01,8,Transition / Mixed signals,Transition / Signaux mixtes,G_neutral,I_neutral,accommodating,synchronized,-0.2667,0.2,,1.82,1.94,-0.7078,2.04,1.26,,2.0118,False,1.1.0,full,[],3.2396,False
2003-06-01,8,Transition / Mixed signals,Transition / Signaux mixtes,G_neutral,I_neutral,accommodating,synchronized,-0.16,0.4,,1.74,1.83,-0.7095,2.22,1.22,,14.8256,False,1.1.0,full,[],8.9677,False
2003-07-01,8,Transition / Mixed signals,Transition / Signaux mixtes,G_neutral,I_neutral,accommodating,synchronized,0.08,0.47,,1.77,2.41,-0.714,2.69,1.01,,10.1399,False,1.1.0,full,[],8.8961,False
2003-08-01,8,Transition / Mixed signals,Transition / Signaux mixtes,G_neutral,I_neutral,accommodating,synchronized,0.0267,0.47,,1.8,2.33,-0.6818,2.5,1.03,,12.1576,False,1.1.0,full,[],1.2706,False
2003-09-01,8,Transition / Mixed signals,Transition / Signaux mixtes,G_neutral,I_neutral,accommodating,synchronized,0.0967,0.37,,1.75,2.16,-0.6718,2.46,1.01,,-4.5423,False,1.1.0,full,"[""elevated market volatility""]",-1.2939,False
2003-10-01,8,Transition / Mixed signals,Transition / Signaux mixtes,G_neutral,I_neutral,accommodating,synchronized,0.1133,0.3,,1.73,2.74,-0.7024,2.48,1.01,,7.5163,False,1.1.0,full,[],-6.2577,False
2003-11-01,2,Balanced Expansion,Expansion équilibrée,G_plus,I_neutral,accommodating,synchronized,0.3233,0.23,,1.74,2.6,-0.7152,2.28,1.0,,18.1183,False,1.1.0,full,[],-7.9545,False
2003-12-01,2,Balanced Expansion,Expansion équilibrée,G_plus,I_neutral,accommodating,synchronized,0.22,0.03,,1.74,2.51,-0.7157,2.43,0.98,,5.2241,False,1.1.0,full,[],-11.3231,False
2004-01-01,2,Balanced Expansion,Expansion équilibrée,G_plus,I_neutral,accommodating,synchronized,0.19,-0.1,,1.81,2.46,-0.7588,2.32,1.0,,0.3207,False,1.1.0,full,[],-9.8101,False
2004-02-01,2,Balanced Expansion,Expansion équilibrée,G_plus,I_neutral,accommodating,synchronized,0.1833,-0.1,,1.88,2.38,-0.8055,2.33,1.01,,-5.8285,False,1.1.0,full,[],-10.5231,False
2004-03-01,2,Balanced Expansion,Expansion équilibrée,G_plus,I_neutral,accommodating,synchronized,0.3533,0.0,,1.88,2.47,-0.8088,2.26,1.0,,9.8661,False,1.1.0,full,[],-19.1064,False
2004-04-01,2,Balanced Expansion,Expansion équilibrée,G_plus,I_neutral,accommodating,synchronized,0.3633,0.0,,2.11,2.5,-0.7678,2.22,1.0,,34.36,False,1.1.0,full,"[""commodity supply/demand shock""]",-20.1719,False
2004-05-01,2,Balanced Expansion,Expansion équilibrée,G_plus,I_neutral,accommodating,synchronized,0.3967,0.0,,2.21,2.77,-0.7085,2.12,1.0,,45.2823,True,1.1.0,full,"[""commodity supply/demand shock""]",-20.4263,False
2004-06-01,2,Balanced Expansion,Expansion équilibrée,G_plus,I_neutral,accommodating,synchronized,0.12,-0.03,,2.33,2.61,-0.6867,1.92,1.03,,27.2333,False,1.1.0,full,"[""commodity supply/demand shock""]",-17.9988,False
2004-07-01,2,Balanced Expansion,Expansion équilibrée,G_plus,I_neutral,accommodating,synchronized,0.25,-0.03,,2.26,2.57,-0.691,1.82,1.26,,34.8148,False,1.1.0,full,"[""commodity supply/demand shock""]",-16.5249,False
2004-08-01,2,Balanced Expansion,Expansion équilibrée,G_plus,I_neutral,accommodating,synchronized,0.1633,-0.07,,2.2,2.43,-0.6982,1.72,1.43,,42.991,True,1.1.0,full,"[""commodity supply/demand shock""]",-15.1819,False
2004-09-01,2,Balanced Expansion,Expansion équilibrée,G_plus,I_neutral,accommodating,synchronized,0.3133,-0.07,,2.19,2.41,-0.6997,1.51,1.61,,59.3508,True,1.1.0,full,"[""commodity supply/demand shock""]",-15.7303,False
2004-10-01,2,Balanced Expansion,Expansion équilibrée,G_plus,I_neutral,accommodating,synchronized,0.3033,0.0,,2.21,2.35,-0.7004,1.49,1.76,,68.1189,True,1.1.0,full,"[""commodity supply/demand shock""]",-12.4346,False
2004-11-01,2,Balanced Expansion,Expansion équilibrée,G_plus,I_neutral,accommodating,synchronized,0.2167,0.0,,2.25,2.46,-0.713,1.34,1.93,,49.9478,True,1.1.0,full,"[""commodity supply/demand shock""]",-10.0137,False
2004-12-01,2,Balanced Expansion,Expansion équilibrée,G_plus,I_neutral,accommodating,synchronized,0.4433,0.0,,2.27,2.48,-0.705,1.16,2.16,,32.8413,False,1.1.0,full,"[""commodity supply/demand shock""]",-9.2114,False
2005-01-01,2,Balanced Expansion,Expansion équilibrée,G_plus,I_neutral,accommodating,synchronized,0.36,-0.1,,2.37,2.4,-0.6977,0.85,2.28,,42.2954,True,1.1.0,full,"[""commodity supply/demand shock""]",-2.7368,False
2005-02-01,2,Balanced Expansion,Expansion équilibrée,G_plus,I_neutral,accommodating,synchronized,0.48,0.0,,2.38,2.5,-0.7107,0.77,2.5,,47.3752,True,1.1.0,full,"[""commodity supply/demand shock""]",-14.0721,False
2005-03-01,2,Balanced Expansion,Expansion équilibrée,G_plus,I_neutral,accommodating,synchronized,0.1033,-0.07,,2.39,2.55,-0.6847,0.7,2.63,,57.8947,True,1.1.0,full,"[""commodity supply/demand shock""]",-5.5233,False
2005-04-01,2,Balanced Expansion,Expansion équilibrée,G_plus,I_neutral,accommodating,synchronized,0.23,0.0,,2.29,2.47,-0.628,0.55,2.79,,54.4507,True,1.1.0,full,"[""commodity supply/demand shock""]",-7.9684,False
2005-05-01,2,Balanced Expansion,Expansion équilibrée,G_plus,I_neutral,accommodating,synchronized,0.09,-0.1,,2.25,2.27,-0.6008,0.4,3.0,,29.4916,False,1.1.0,full,"[""commodity supply/demand shock""]",-3.125,False
2005-06-01,2,Balanced Expansion,Expansion équilibrée,G_plus,I_neutral,accommodating,synchronized,0.32,-0.07,,2.18,2.23,-0.6008,0.28,3.04,,54.4912,True,1.1.0,full,"[""commodity supply/demand shock""]",-3.8267,False
2005-07-01,2,Balanced Expansion,Expansion équilibrée,G_plus,I_neutral,accommodating,synchronized,0.1133,-0.07,,2.25,2.4,-0.6094,0.26,3.26,,50.4971,True,1.1.0,full,"[""commodity supply/demand shock""]",-4.9491,False
2005-08-01,2,Balanced Expansion,Expansion équilibrée,G_plus,I_neutral,accommodating,synchronized,0.19,-0.07,,2.29,2.3,-0.6062,0.18,3.5,,49.6958,True,1.1.0,full,"[""commodity supply/demand shock""]",-6.7308,False
2005-09-01,2,Balanced Expansion,Expansion équilibrée,G_plus,I_neutral,accommodating,synchronized,-0.1533,0.03,,2.39,2.4,-0.577,0.16,3.62,,45.625,True,1.1.0,full,"[""commodity supply/demand shock""]",13.4915,False
2005-10-01,8,Transition / Mixed signals,Transition / Signaux mixtes,G_neutral,I_neutral,accommodating,synchronized,0.08,0.03,,2.45,2.5,-0.5745,0.17,3.78,,17.5974,False,1.1.0,full,[],7.5486,False
2005-11-01,8,Transition / Mixed signals,Transition / Signaux mixtes,G_neutral,I_neutral,accommodating,synchronized,0.26,0.07,,2.46,2.39,-0.5855,0.07,4.0,,28.1373,False,1.1.0,full,"[""commodity supply/demand shock""]",-2.439,False
2005-12-01,2,Balanced Expansion,Expansion équilibrée,G_plus,I_neutral,accommodating,synchronized,0.5767,-0.03,,2.44,2.36,-0.5654,-0.02,4.16,,43.5859,True,1.1.0,full,"[""commodity supply/demand shock""]",-1.6141,False
2006-01-01,2,Balanced Expansion,Expansion équilibrée,G_plus,I_neutral,accommodating,synchronized,0.52,-0.07,,2.39,2.48,-0.5852,-0.01,4.29,,41.5188,True,1.1.0,full,"[""commodity supply/demand shock""]",-13.2035,False
2006-02-01,2,Balanced Expansion,Expansion équilibrée,G_plus,I_neutral,accommodating,synchronized,0.3033,-0.07,,2.34,2.38,-0.6242,-0.14,4.49,,32.3879,False,1.1.0,full,"[""commodity supply/demand shock""]",-8.8608,False
2006-03-01,2,Balanced Expansion,Expansion équilibrée,G_plus,I_neutral,accommodating,synchronized,0.27,-0.07,,2.38,2.44,-0.6316,0.04,4.59,,16.8738,False,1.1.0,full,[],-9.1114,False
2006-04-01,2,Balanced Expansion,Expansion équilibrée,G_plus,I_neutral,accommodating,synchronized,0.08,0.0,,2.47,2.69,-0.6228,0.2,4.79,-1.2973,35.4279,False,1.1.0,full,"[""commodity supply/demand shock""]",-6.6303,False
2006-05-01,8,Transition / Mixed signals,Transition / Signaux mixtes,G_neutral,I_neutral,accommodating,divergent,0.0533,-0.07,,2.61,2.6,-0.5992,0.08,4.94,-2.0036,43.4327,True,1.1.0,full,"[""commodity supply/demand shock""]",1.5361,False
2006-06-01,8,Transition / Mixed signals,Transition / Signaux mixtes,G_neutral,I_neutral,accommodating,divergent,-0.0133,-0.03,,2.78,2.59,-0.5444,-0.01,4.99,-2.2988,26.1454,False,1.1.0,full,"[""commodity supply/demand shock""]",-6.2164,False
2006-07-01,4,Inflationary Pressure,Pression inflationniste,G_neutral,I_plus,accommodating,synchronized,-0.0767,0.03,,2.79,2.62,-0.5418,0.02,5.24,-0.1443,28.0772,False,1.1.0,full,"[""commodity supply/demand shock""]",-1.7611,False
2006-08-01,4,Inflationary Pressure,Pression inflationniste,G_neutral,I_plus,accommodating,divergent,-0.0233,0.07,,2.86,2.56,-0.589,-0.05,5.25,-0.1294,14.4576,False,1.1.0,full,[],-0.5551,False
2006-09-01,4,Inflationary Pressure,Pression inflationniste,G_neutral,I_plus,accommodating,synchronized,-0.0333,0.07,,2.78,2.49,-0.6056,-0.07,5.25,-0.1454,-1.5101,False,1.1.0,full,[],-16.917,False
2006-10-01,4,Inflationary Pressure,Pression inflationniste,G_neutral,I_plus,accommodating,synchronized,-0.03,-0.07,,2.71,2.44,-0.6185,-0.1,5.25,-0.6219,-1.247,False,1.1.0,full,[],-13.6206,False
2006-11-01,8,Transition / Mixed signals,Transition / Signaux mixtes,G_neutral,I_neutral,accommodating,synchronized,-0.1267,-0.07,,2.57,2.36,-0.6302,-0.16,5.25,-1.0918,6.3722,False,1.1.0,full,[],0.3125,False
2006-12-01,8,Transition / Mixed signals,Transition / Signaux mixtes,G_neutral,I_neutral,accommodating,synchronized,0.13,-0.03,,2.67,2.34,-0.6242,-0.11,5.24,-1.0949,9.8663,False,1.1.0,full,[],-0.0781,False
2007-01-01,8,Transition / Mixed signals,Transition / Signaux mixtes,G_neutral,I_neutral,accommodating,synchronized,0.06,0.07,,2.71,2.44,-0.663,-0.11,5.25,0.5893,-14.7801,False,1.1.0,full,[],8.2294,False
2007-02-01,8,Transition / Mixed signals,Transition / Signaux mixtes,G_neutral,I_neutral,accommodating,synchronized,0.1633,0.07,,2.82,2.32,-0.6753,-0.09,5.26,0.6841,-4.4013,False,1.1.0,full,[],10.8507,False
2007-03-01,4,Inflationary Pressure,Pression inflationniste,G_neutral,I_plus,accommodating,synchronized,-0.0133,0.03,,2.77,2.37,-0.6232,0.07,5.26,-0.7347,-0.0161,False,1.1.0,full,[],2.7341,False
2007-04-01,4,Inflationary Pressure,Pression inflationniste,G_neutral,I_plus,accommodating,synchronized,0.1167,0.0,,2.66,2.41,-0.5952,0.03,5.25,-3.1925,-3.9425,False,1.1.0,full,"[""dollar weakening (easing global financial conditions)""]",7.5188,False
2007-05-01,8,Transition / Mixed signals,Transition / Signaux mixtes,G_neutral,I_neutral,accommodating,synchronized,0.0667,0.0,,2.51,2.39,-0.5655,-0.02,5.25,-2.9999,-3.683,False,1.1.0,full,[],-8.6233,False
2007-06-01,8,Transition / Mixed signals,Transition / Signaux mixtes,G_neutral,I_neutral,accommodating,synchronized,-0.02,0.03,,2.41,2.43,-0.5366,0.16,5.25,-2.2623,3.6319,False,1.1.0,full,[],3.0278,False
2007-07-01,8,Transition / Mixed signals,Transition / Signaux mixtes,G_neutral,I_neutral,neutral,divergent,-0.1233,0.07,,2.35,2.51,-0.405,0.22,5.26,-1.4869,4.4251,False,1.1.0,full,"[""elevated market volatility""]",-1.403,False
2007-08-01,8,Transition / Mixed signals,Transition / Signaux mixtes,G_neutral,I_neutral,neutral,synchronized,-0.1633,0.1,,2.3,2.43,0.0368,0.39,5.02,-0.6935,-3.3729,False,1.1.0,full,"[""elevated market volatility""]",1.8298,False
2007-09-01,8,Transition / Mixed signals,Transition / Signaux mixtes,G_neutral,I_neutral,neutral,synchronized,-0.1833,0.17,,2.38,2.53,0.1598,0.62,4.94,-3.3936,24.5481,False,1.1.0,full,"[""dollar weakening (easing global financial conditions)"", ""commodity supply/demand shock""]",-1.7296,False
2007-10-01,8,Transition / Mixed signals,Transition / Signaux mixtes,G_neutral,I_neutral,neutral,synchronized,-0.14,0.2,,2.47,2.42,-0.0087,0.54,4.76,-4.5892,42.4321,True,1.1.0,full,"[""dollar weakening (easing global financial conditions)"", ""commodity supply/demand shock""]",4.7466,False
2007-11-01,8,Transition / Mixed signals,Transition / Signaux mixtes,G_neutral,I_neutral,neutral,synchronized,-0.1433,0.23,,2.66,2.44,0.2752,0.93,4.49,-4.3198,57.2668,True,1.1.0,full,"[""dollar weakening (easing global financial conditions)"", ""commodity supply/demand shock"", ""elevated market volatility""]",2.9885,False
2007-12-01,8,Transition / Mixed signals,Transition / Signaux mixtes,G_neutral,I_neutral,restrictive,synchronized,-0.2667,0.4,,2.63,2.35,0.55,0.99,4.24,-1.4451,45.5579,True,1.1.0,full,"[""commodity supply/demand shock"", ""elevated market volatility""]",7.975,False
2008-01-01,8,Transition / Mixed signals,Transition / Signaux mixtes,G_neutral,I_neutral,neutral,synchronized,-0.2533,0.4,,2.56,2.53,0.4335,1.5,3.94,-0.5432,71.7213,True,1.1.0,full,"[""commodity supply/demand shock"", ""elevated market volatility"", ""European systemic stress elevated""]",3.6098,False
2008-02-01,8,Transition / Mixed signals,Transition / Signaux mixtes,G_neutral,I_neutral,restrictive,synchronized,-0.4933,0.43,,2.44,2.56,0.6078,1.88,2.98,-2.7402,65.0278,True,1.1.0,full,"[""commodity supply/demand shock"", ""elevated market volatility"", ""European systemic stress elevated""]",7.4361,False
2008-03-01,8,Transition / Mixed signals,Transition / Signaux mixtes,G_neutral,I_neutral,restrictive,synchronized,-0.6067,0.47,,2.48,2.49,0.9367,1.83,2.61,-3.2827,67.0266,True,1.1.0,full,"[""dollar weakening (easing global financial conditions)"", ""commodity supply/demand shock"", ""elevated market volatility"", ""European systemic stress elevated""]",15.3226,True
2008-04-01,6,Slowdown,Ralentissement,G_minus,I_neutral,restrictive,synchronized,-0.7533,0.5,,2.51,2.28,0.7757,1.48,2.28,-1.9897,61.6091,True,1.1.0,full,"[""commodity supply/demand shock"", ""elevated market volatility"", ""European systemic stress elevated""]",13.0536,False
2008-05-01,6,Slowdown,Ralentissement,G_minus,I_neutral,restrictive,synchronized,-0.7667,0.73,,2.55,2.56,0.5154,1.4,1.98,-0.7056,82.7109,True,1.1.0,full,"[""commodity supply/demand shock""]",20.9532,True
2008-06-01,6,Slowdown,Ralentissement,G_minus,I_neutral,restrictive,synchronized,-0.7433,0.8,,2.6,2.39,0.634,1.36,2.0,0.0854,86.235,True,1.1.0,full,"[""commodity supply/demand shock"", ""elevated market volatility"", ""European systemic stress elevated""]",19.3805,True
2008-07-01,6,Slowdown,Ralentissement,G_minus,I_neutral,restrictive,synchronized,-0.9233,0.97,,2.69,2.52,0.7418,1.47,2.01,-0.0391,72.5205,True,1.1.0,full,"[""commodity supply/demand shock"", ""elevated market volatility"", ""European systemic stress elevated""]",22.5296,True
2008-08-01,6,Slowdown,Ralentissement,G_minus,I_neutral,restrictive,synchronized,-1.0633,1.1,,2.64,2.41,0.723,1.47,2.0,4.0512,60.0339,True,1.1.0,full,"[""dollar strengthening (tighter global financial conditions)"", ""commodity supply/demand shock"", ""elevated market volatility"", ""European systemic stress elevated""]",34.6094,True
2008-09-01,6,Slowdown,Ralentissement,G_minus,I_neutral,restrictive,synchronized,-1.6833,1.27,,2.57,2.23,1.3858,1.85,1.81,6.472,25.9946,False,1.1.0,full,"[""dollar strengthening (tighter global financial conditions)"", ""commodity supply/demand shock"", ""acute global market stress"", ""European systemic stress elevated""]",45.2,True
2008-10-01,6,Slowdown,Ralentissement,G_minus,I_neutral,acute_stress,synchronized,-1.6567,1.5,,2.44,2.73,2.4742,2.45,0.97,14.863,-13.0678,False,1.1.0,full,"[""dollar strengthening (tighter global financial conditions)"", ""acute global market stress"", ""European systemic stress elevated""]",44.7829,True
2008-11-01,6,Slowdown,Ralentissement,G_minus,I_neutral,acute_stress,synchronized,-2.02,1.7,,2.35,2.97,2.9897,1.93,0.39,12.8698,-43.2421,False,1.1.0,full,"[""dollar strengthening (tighter global financial conditions)"", ""commodity demand destruction"", ""acute global market stress"", ""European systemic stress elevated""]",54.0179,True
2008-12-01,6,Slowdown,Ralentissement,G_minus,I_neutral,acute_stress,synchronized,-2.0533,2.07,,2.21,0.48,2.9123,1.49,0.16,6.7923,-56.0651,False,1.1.0,full,"[""dollar strengthening (tighter global financial conditions)"", ""commodity demand destruction"", ""acute global market stress"", ""European systemic stress elevated""]",63.0702,True
2009-01-01,6,Slowdown,Ralentissement,G_minus,I_neutral,acute_stress,synchronized,-2.69,2.37,,2.22,1.91,2.3198,1.93,0.15,2.3562,-52.8748,False,1.1.0,full,"[""commodity demand destruction"", ""acute global market stress"", ""European systemic stress elevated""]",64.6494,True
2009-02-01,6,Slowdown,Ralentissement,G_minus,I_neutral,acute_stress,synchronized,-2.32,2.77,,2.22,1.34,2.1233,2.02,0.22,3.2284,-54.3952,False,1.1.0,full,"[""dollar strengthening (tighter global financial conditions)"", ""commodity demand destruction"", ""acute global market stress"", ""European systemic stress elevated""]",84.0663,True
2009-03-01,6,Slowdown,Ralentissement,G_minus,I_neutral,acute_stress,synchronized,-2.21,3.13,,2.14,1.83,2.0575,1.9,0.18,3.7752,-55.0946,False,1.1.0,full,"[""dollar strengthening (tighter global financial conditions)"", ""commodity demand destruction"", ""acute global market stress"", ""European systemic stress elevated""]",83.4965,True
2009-04-01,6,Slowdown,Ralentissement,G_minus,I_neutral,acute_stress,divergent,-1.7333,3.53,,2.08,2.12,1.5965,2.25,0.15,-1.971,-53.9928,False,1.1.0,full,"[""commodity demand destruction"", ""acute global market stress"", ""European systemic stress elevated""]",75.6701,True
2009-05-01,6,Slowdown,Ralentissement,G_minus,I_neutral,restrictive,synchronized,-1.72,3.73,,1.99,2.24,1.044,2.55,0.18,-9.2067,-53.3388,False,1.1.0,full,"[""dollar weakening (easing global financial conditions)"", ""commodity demand destruction"", ""elevated market volatility"", ""European systemic stress elevated""]",66.644,True
2009-06-01,6,Slowdown,Ralentissement,G_minus,I_neutral,restrictive,synchronized,-1.2467,3.9,,1.86,2.16,0.7812,2.42,0.21,-5.8607,-48.1484,False,1.1.0,full,"[""dollar weakening (easing global financial conditions)"", ""commodity demand destruction"", ""elevated market volatility"", ""European systemic stress elevated""]",60.0798,True
2009-07-01,6,Slowdown,Ralentissement,G_minus,I_neutral,restrictive,synchronized,-0.6633,3.8,,1.62,2.3,0.5568,2.39,0.16,-5.8455,-51.4467,False,1.1.0,full,"[""dollar weakening (easing global financial conditions)"", ""commodity demand destruction"", ""elevated market volatility"", ""European systemic stress elevated""]",42.3367,True
2009-08-01,6,Slowdown,Ralentissement,G_minus,I_neutral,neutral,synchronized,-0.2667,3.67,,1.6,2.16,0.2945,2.43,0.16,-0.68,-35.9679,False,1.1.0,full,"[""commodity demand destruction"", ""elevated market volatility"", ""European systemic stress elevated""]",29.5415,True
2009-09-01,8,Transition / Mixed signals,Transition / Signaux mixtes,G_neutral,I_neutral,neutral,synchronized,-0.0267,3.57,,1.48,2.13,0.153,2.36,0.15,-3.3052,-30.4227,False,1.1.0,full,"[""dollar weakening (easing global financial conditions)"", ""commodity demand destruction"", ""elevated market volatility""]",21.2121,True
2009-10-01,8,Transition / Mixed signals,Transition / Signaux mixtes,G_neutral,I_neutral,neutral,synchronized,-0.17,3.57,,1.5,2.39,0.0502,2.51,0.12,-1.7314,1.6625,False,1.1.0,full,"[""acute global market stress""]",10.7312,False
2009-11-01,8,Transition / Mixed signals,Transition / Signaux mixtes,G_neutral,I_neutral,neutral,synchronized,-0.1467,3.47,,1.38,2.41,-0.0045,2.54,0.12,-3.4332,46.1582,True,1.1.0,full,"[""dollar weakening (easing global financial conditions)"", ""commodity supply/demand shock"", ""elevated market volatility"", ""European systemic stress elevated""]",-2.2705,False
2009-12-01,8,Transition / Mixed signals,Transition / Signaux mixtes,G_neutral,I_minus,neutral,synchronized,-0.1733,3.07,,1.36,2.61,-0.1005,2.71,0.12,-0.2986,86.383,True,1.1.0,full,"[""commodity supply/demand shock"", ""elevated market volatility"", ""European systemic stress elevated""]",-13.4547,False
2010-01-01,8,Transition / Mixed signals,Transition / Signaux mixtes,G_neutral,I_minus,neutral,synchronized,-0.0233,2.57,,1.2,2.75,-0.1938,2.81,0.11,1.2342,75.3453,True,1.1.0,full,"[""commodity supply/demand shock"", ""elevated market volatility""]",-14.7019,False
2010-02-01,8,Transition / Mixed signals,Transition / Signaux mixtes,G_neutral,I_minus,neutral,synchronized,-0.16,2.03,,1.08,2.43,-0.2115,2.8,0.13,2.5046,70.2447,True,1.1.0,full,"[""commodity supply/demand shock""]",-23.5801,False
2010-03-01,8,Transition / Mixed signals,Transition / Signaux mixtes,G_neutral,I_minus,neutral,synchronized,0.0967,1.53,,1.0,2.65,-0.3495,2.82,0.16,-0.0147,69.3812,True,1.1.0,full,"[""commodity supply/demand shock""]",-27.2104,False
2010-04-01,8,Transition / Mixed signals,Transition / Signaux mixtes,G_neutral,I_minus,neutral,synchronized,0.1767,1.2,,0.93,2.79,-0.419,2.72,0.2,-0.9828,69.0315,True,1.1.0,full,"[""commodity supply/demand shock"", ""elevated market volatility""]",-25.2887,False
2010-05-01,1,Disinflationary Expansion,Désinflation expansive,G_plus,I_minus,neutral,synchronized,0.3933,0.8,,0.88,2.29,-0.164,2.55,0.2,2.8251,32.548,False,1.1.0,full,"[""commodity supply/demand shock"", ""acute global market stress"", ""European systemic stress elevated""]",-25.0306,False
2010-06-01,1,Disinflationary Expansion,Désinflation expansive,G_plus,I_minus,neutral,divergent,0.1767,0.43,,0.81,2.1,-0.0435,2.36,0.18,3.3313,8.9637,False,1.1.0,full,"[""dollar strengthening (tighter global financial conditions)"", ""acute global market stress"", ""European systemic stress elevated""]",-23.6908,False
2010-07-01,1,Disinflationary Expansion,Désinflation expansive,G_plus,I_minus,neutral,divergent,0.0933,0.13,,0.85,2.17,-0.1792,2.39,0.18,0.4707,17.2874,False,1.1.0,full,"[""elevated market volatility"", ""European systemic stress elevated""]",-19.6823,False
2010-08-01,8,Transition / Mixed signals,Transition / Signaux mixtes,G_neutral,I_minus,neutral,divergent,-0.06,0.0,,0.85,1.85,-0.263,2.0,0.19,-1.6466,6.2474,False,1.1.0,full,"[""elevated market volatility"", ""European systemic stress elevated""]",-14.4713,False
2010-09-01,8,Transition / Mixed signals,Transition / Signaux mixtes,G_neutral,I_minus,neutral,synchronized,-0.0667,0.03,,0.88,2.26,-0.3003,2.11,0.19,-4.8461,15.0628,False,1.1.0,full,"[""dollar weakening (easing global financial conditions)"", ""elevated market volatility"", ""European systemic stress elevated""]",-17.1818,False
2010-10-01,8,Transition / Mixed signals,Transition / Signaux mixtes,G_neutral,I_minus,neutral,synchronized,-0.1567,0.07,,0.8,2.78,-0.396,2.29,0.19,-3.4153,13.6045,False,1.1.0,full,"[""dollar weakening (easing global financial conditions)"", ""elevated market volatility""]",-15.3919,False
2010-11-01,8,Transition / Mixed signals,Transition / Signaux mixtes,G_neutral,I_minus,neutral,synchronized,-0.1667,0.13,,0.85,2.6,-0.4447,2.36,0.19,-2.7143,11.2445,False,1.1.0,full,"[""elevated market volatility""]",-14.6812,False
2010-12-01,8,Transition / Mixed signals,Transition / Signaux mixtes,G_neutral,I_minus,neutral,synchronized,-0.0733,0.1,,0.89,2.77,-0.4852,2.69,0.18,-0.9053,22.8176,False,1.1.0,full,"[""commodity supply/demand shock"", ""European systemic stress elevated""]",-13.4398,False
2011-01-01,8,Transition / Mixed signals,Transition / Signaux mixtes,G_neutral,I_minus,accommodating,synchronized,-0.0267,-0.13,,1.0,2.72,-0.571,2.84,0.17,-0.4434,26.7166,False,1.1.0,full,"[""commodity supply/demand shock""]",-9.9317,False
2011-02-01,8,Transition / Mixed signals,Transition / Signaux mixtes,G_neutral,I_minus,accommodating,synchronized,-0.09,-0.3,,1.16,2.63,-0.5892,2.73,0.16,-3.4838,40.6373,True,1.1.0,full,"[""dollar weakening (easing global financial conditions)"", ""commodity supply/demand shock""]",-15.8893,False
2011-03-01,8,Transition / Mixed signals,Transition / Signaux mixtes,G_neutral,I_minus,accommodating,synchronized,0.0167,-0.2,,1.29,2.75,-0.5503,2.67,0.14,-2.7451,45.4269,True,1.1.0,full,"[""commodity supply/demand shock""]",-15.7068,False
2011-04-01,8,Transition / Mixed signals,Transition / Signaux mixtes,G_neutral,I_minus,accommodating,synchronized,-0.15,0.0,,1.42,2.69,-0.5824,2.71,0.1,-4.5645,45.3195,True,1.1.0,full,"[""dollar weakening (easing global financial conditions)"", ""commodity supply/demand shock""]",-12.8465,False
2011-05-01,8,Transition / Mixed signals,Transition / Signaux mixtes,G_neutral,I_minus,accommodating,synchronized,-0.1367,0.07,,1.56,2.5,-0.5795,2.6,0.09,-2.567,51.4022,True,1.1.0,full,"[""commodity supply/demand shock""]",-5.3834,False
2011-06-01,8,Transition / Mixed signals,Transition / Signaux mixtes,G_neutral,I_neutral,accommodating,synchronized,-0.27,0.2,,1.62,2.83,-0.5318,2.73,0.09,-1.7622,52.2606,True,1.1.0,full,"[""commodity supply/demand shock""]",-9.0414,False
2011-07-01,8,Transition / Mixed signals,Transition / Signaux mixtes,G_neutral,I_neutral,neutral,synchronized,-0.0533,0.23,,1.7,2.81,-0.4644,2.46,0.07,0.1499,54.7632,True,1.1.0,full,"[""commodity supply/demand shock"", ""elevated market volatility"", ""European systemic stress elevated""]",-8.956,False
2011-08-01,8,Transition / Mixed signals,Transition / Signaux mixtes,G_neutral,I_neutral,neutral,synchronized,0.0633,0.23,,1.79,2.38,-0.229,2.03,0.1,0.1361,43.0685,True,1.1.0,full,"[""commodity supply/demand shock"", ""acute global market stress"", ""European systemic stress elevated""]",-14.3531,False
2011-09-01,8,Transition / Mixed signals,Transition / Signaux mixtes,G_neutral,I_neutral,neutral,synchronized,-0.03,0.2,,1.84,2.0,-0.0538,1.67,0.08,6.3845,44.9512,True,1.1.0,full,"[""dollar strengthening (tighter global financial conditions)"", ""commodity supply/demand shock"", ""acute global market stress"", ""European systemic stress elevated""]",-7.8831,False
2011-10-01,8,Transition / Mixed signals,Transition / Signaux mixtes,G_neutral,I_neutral,neutral,synchronized,-0.0333,0.17,,1.93,2.3,-0.078,1.92,0.07,4.056,32.5148,False,1.1.0,full,"[""dollar strengthening (tighter global financial conditions)"", ""commodity supply/demand shock"", ""elevated market volatility"", ""European systemic stress elevated""]",-9.4329,False
2011-11-01,8,Transition / Mixed signals,Transition / Signaux mixtes,G_neutral,I_neutral,neutral,divergent,-0.1533,0.0,,1.99,2.34,-0.0892,1.83,0.08,5.4151,29.8898,False,1.1.0,full,"[""dollar strengthening (tighter global financial conditions)"", ""commodity supply/demand shock"", ""elevated market volatility"", ""European systemic stress elevated""]",-9.6756,False
2011-12-01,8,Transition / Mixed signals,Transition / Signaux mixtes,G_neutral,I_neutral,neutral,divergent,0.03,-0.17,,2.06,2.33,-0.0996,1.64,0.07,0.4635,17.9552,False,1.1.0,full,"[""elevated market volatility"", ""European systemic stress elevated""]",-10.232,False
2012-01-01,8,Transition / Mixed signals,Transition / Signaux mixtes,G_neutral,I_neutral,neutral,synchronized,0.1,-0.2,,2.09,2.34,-0.2577,1.61,0.08,1.5117,14.6809,False,1.1.0,full,"[""European systemic stress elevated""]",-11.6103,False
2012-02-01,8,Transition / Mixed signals,Transition / Signaux mixtes,G_neutral,I_neutral,neutral,synchronized,0.2167,-0.13,,2.02,2.53,-0.385,1.68,0.1,-1.8848,15.0501,False,1.1.0,full,"[""European systemic stress elevated""]",-11.0299,False
2012-03-01,8,Transition / Mixed signals,Transition / Signaux mixtes,G_neutral,I_neutral,neutral,synchronized,-0.0067,-0.1,,2.02,2.62,-0.43,1.9,0.13,-2.1281,9.4295,False,1.1.0,full,"[""European systemic stress elevated""]",-9.1749,False
2012-04-01,8,Transition / Mixed signals,Transition / Signaux mixtes,G_neutral,I_neutral,neutral,divergent,-0.11,-0.07,,1.99,2.44,-0.4042,1.68,0.14,-0.2103,-2.8476,False,1.1.0,full,"[""European systemic stress elevated""]",-7.4618,False
2012-05-01,8,Transition / Mixed signals,Transition / Signaux mixtes,G_neutral,I_neutral,neutral,synchronized,-0.1667,-0.03,,1.92,2.46,-0.3043,1.32,0.16,5.5008,-4.0438,False,1.1.0,full,"[""dollar strengthening (tighter global financial conditions)"", ""elevated market volatility""]",-14.6552,False
2012-06-01,8,Transition / Mixed signals,Transition / Signaux mixtes,G_neutral,I_neutral,neutral,synchronized,-0.1467,0.0,,1.9,2.54,-0.2486,1.34,0.16,2.7087,-16.4017,False,1.1.0,full,"[""European systemic stress elevated""]",-8.9062,False
2012-07-01,8,Transition / Mixed signals,Transition / Signaux mixtes,G_neutral,I_neutral,neutral,synchronized,-0.26,0.07,,1.84,2.57,-0.3322,1.28,0.16,2.7431,-12.2681,False,1.1.0,full,"[""European systemic stress elevated""]",-10.0785,False
2012-08-01,8,Transition / Mixed signals,Transition / Signaux mixtes,G_neutral,I_neutral,neutral,synchronized,-0.3533,0.03,,1.79,2.55,-0.425,1.35,0.13,-2.6592,2.8488,False,1.1.0,full,[],-8.8523,False
2012-09-01,8,Transition / Mixed signals,Transition / Signaux mixtes,G_neutral,I_neutral,accommodating,synchronized,-0.28,-0.1,,1.79,2.73,-0.5058,1.42,0.14,-2.2338,0.0266,False,1.1.0,full,[],-8.2585,False
2012-10-01,8,Transition / Mixed signals,Transition / Signaux mixtes,G_neutral,I_neutral,accommodating,divergent,-0.2733,-0.13,,1.78,2.88,-0.5463,1.42,0.16,-1.8109,1.9717,False,1.1.0,full,[],-7.8735,False
2012-11-01,8,Transition / Mixed signals,Transition / Signaux mixtes,G_neutral,I_neutral,accommodating,synchronized,-0.03,-0.13,,1.7,2.81,-0.5488,1.37,0.16,-1.1543,-1.5437,False,1.1.0,full,[],3.0829,False
2012-12-01,8,Transition / Mixed signals,Transition / Signaux mixtes,G_neutral,I_neutral,accommodating,synchronized,0.0533,0.0,,1.62,2.81,-0.5817,1.53,0.16,0.2743,1.5018,False,1.1.0,full,[],-5.0364,False
2013-01-01,8,Transition / Mixed signals,Transition / Signaux mixtes,G_neutral,I_neutral,accommodating,synchronized,0.03,0.0,,1.57,2.85,-0.6305,1.75,0.14,-0.3981,2.0508,False,1.1.0,full,[],-7.0627,False
2013-02-01,8,Transition / Mixed signals,Transition / Signaux mixtes,G_neutral,I_neutral,accommodating,synchronized,0.0133,-0.03,,1.61,2.88,-0.649,1.64,0.15,1.3075,-2.7487,False,1.1.0,full,[],-1.6438,False
2013-03-01,8,Transition / Mixed signals,Transition / Signaux mixtes,G_neutral,I_neutral,accommodating,synchronized,-0.12,-0.07,,1.56,2.78,-0.6566,1.62,0.14,1.3379,-13.5353,False,1.1.0,full,[],-6.1695,False
2013-04-01,8,Transition / Mixed signals,Transition / Signaux mixtes,G_neutral,I_neutral,accommodating,synchronized,-0.1067,-0.13,,1.42,2.62,-0.688,1.48,0.15,0.6345,-14.6138,False,1.1.0,full,[],-5.2875,False
2013-05-01,8,Transition / Mixed signals,Transition / Signaux mixtes,G_neutral,I_minus,accommodating,synchronized,-0.1367,-0.03,,1.4,2.55,-0.7102,1.86,0.11,1.4222,-7.0509,False,1.1.0,full,[],-6.8942,False
2013-06-01,8,Transition / Mixed signals,Transition / Signaux mixtes,G_neutral,I_minus,accommodating,synchronized,-0.0967,0.0,,1.5,2.22,-0.648,2.16,0.09,2.1697,8.1547,False,1.1.0,full,[],-9.252,False
2013-07-01,8,Transition / Mixed signals,Transition / Signaux mixtes,G_neutral,I_neutral,accommodating,synchronized,-0.1733,-0.03,,1.55,2.57,-0.6442,2.29,0.09,2.4035,5.1744,False,1.1.0,full,[],-6.7114,False
2013-08-01,8,Transition / Mixed signals,Transition / Signaux mixtes,G_neutral,I_neutral,accommodating,synchronized,-0.12,-0.1,,1.54,2.42,-0.6694,2.39,0.08,1.2248,-1.8349,False,1.1.0,full,[],-10.1139,False
2013-09-01,8,Transition / Mixed signals,Transition / Signaux mixtes,G_neutral,I_neutral,accommodating,synchronized,-0.04,-0.13,,1.52,2.64,-0.6688,2.31,0.08,-1.4676,-1.1164,False,1.1.0,full,[],-17.6778,False
2013-10-01,8,Transition / Mixed signals,Transition / Signaux mixtes,G_neutral,I_neutral,accommodating,synchronized,0.1367,-0.03,,1.52,2.6,-0.7065,2.26,0.09,-0.897,-2.3543,False,1.1.0,full,[],-5.3836,False
2013-11-01,2,Balanced Expansion,Expansion équilibrée,G_plus,I_neutral,accommodating,synchronized,0.1367,-0.1,,1.59,2.61,-0.7562,2.47,0.08,-1.1873,-1.1645,False,1.1.0,full,[],-17.1963,False
2013-12-01,2,Balanced Expansion,Expansion équilibrée,G_plus,I_neutral,accommodating,synchronized,0.0533,-0.17,,1.65,2.79,-0.777,2.66,0.09,0.6854,1.1599,False,1.1.0,full,[],-4.8151,False
2014-01-01,8,Transition / Mixed signals,Transition / Signaux mixtes,G_neutral,I_neutral,accommodating,divergent,-0.1833,-0.2,,1.63,2.56,-0.77,2.33,0.07,2.6382,-4.2847,False,1.1.0,full,[],-7.4363,False
2014-02-01,8,Transition / Mixed signals,Transition / Signaux mixtes,G_neutral,I_neutral,accommodating,divergent,-0.1367,-0.1,,1.57,2.55,-0.7702,2.33,0.07,0.8104,-6.1611,False,1.1.0,full,[],-5.0283,False
2014-03-01,8,Transition / Mixed signals,Transition / Signaux mixtes,G_neutral,I_neutral,accommodating,divergent,0.0733,0.0,,1.59,2.56,-0.7788,2.29,0.08,0.7328,-0.9127,False,1.1.0,full,[],-7.8757,False
2014-04-01,8,Transition / Mixed signals,Transition / Signaux mixtes,G_neutral,I_neutral,accommodating,divergent,0.3233,-0.1,,1.72,2.4,-0.7712,2.25,0.09,-1.3531,5.3888,False,1.1.0,full,[],-10.956,False
2014-05-01,2,Balanced Expansion,Expansion équilibrée,G_plus,I_neutral,accommodating,divergent,0.2167,-0.13,,1.77,2.51,-0.7788,2.11,0.09,-0.6646,6.8058,False,1.1.0,full,[],-9.6334,False
2014-06-01,2,Balanced Expansion,Expansion équilibrée,G_plus,I_neutral,accommodating,divergent,0.1033,-0.2,,1.72,2.52,-0.7898,2.06,0.1,-1.1008,8.6281,False,1.1.0,full,[],-9.0383,False
2014-07-01,2,Balanced Expansion,Expansion équilibrée,G_plus,I_neutral,accommodating,divergent,0.1867,-0.03,,1.73,2.61,-0.756,2.05,0.09,0.5934,-1.0748,False,1.1.0,full,[],-12.8058,False
2014-08-01,2,Balanced Expansion,Expansion équilibrée,G_plus,I_neutral,accommodating,divergent,0.07,-0.07,,1.69,2.48,-0.7252,1.87,0.09,1.0287,-8.6898,False,1.1.0,full,[],-10.0596,False
2014-09-01,8,Transition / Mixed signals,Transition / Signaux mixtes,G_neutral,I_neutral,accommodating,divergent,0.0267,-0.07,,1.7,2.38,-0.696,1.94,0.09,4.6352,-13.0018,False,1.1.0,full,"[""dollar strengthening (tighter global financial conditions)""]",-5.4675,False
2014-10-01,8,Transition / Mixed signals,Transition / Signaux mixtes,G_neutral,I_neutral,accommodating,synchronized,-0.06,-0.13,,1.68,2.31,-0.644,1.85,0.09,3.8854,-19.8478,False,1.1.0,full,"[""dollar strengthening (tighter global financial conditions)""]",-19.4561,False
2014-11-01,8,Transition / Mixed signals,Transition / Signaux mixtes,G_neutral,I_neutral,accommodating,synchronized,0.1067,-0.1,,1.64,2.19,-0.6528,1.71,0.09,5.6445,-26.3011,False,1.1.0,full,"[""dollar strengthening (tighter global financial conditions)"", ""commodity demand destruction""]",-12.1896,False
2014-12-01,2,Balanced Expansion,Expansion équilibrée,G_plus,I_neutral,accommodating,synchronized,0.1233,-0.1,,1.6,2.09,-0.604,1.5,0.12,4.8789,-43.7161,False,1.1.0,full,"[""dollar strengthening (tighter global financial conditions)"", ""commodity demand destruction""]",-16.129,False
2015-01-01,2,Balanced Expansion,Expansion équilibrée,G_plus,I_neutral,accommodating,synchronized,0.0233,0.0,,1.49,2.01,-0.522,1.21,0.11,7.6156,-55.8269,False,1.1.0,full,"[""dollar strengthening (tighter global financial conditions)"", ""commodity demand destruction"", ""elevated market volatility""]",-11.4767,False
2015-02-01,8,Transition / Mixed signals,Transition / Signaux mixtes,G_neutral,I_neutral,accommodating,synchronized,-0.2267,-0.1,,1.55,2.17,-0.5188,1.37,0.11,5.5222,-46.6483,False,1.1.0,full,"[""dollar strengthening (tighter global financial conditions)"", ""commodity demand destruction""]",-12.8262,False
2015-03-01,8,Transition / Mixed signals,Transition / Signaux mixtes,G_neutral,I_neutral,accommodating,synchronized,-0.2433,-0.03,,1.55,2.01,-0.5435,1.38,0.11,5.0402,-47.9996,False,1.1.0,full,"[""dollar strengthening (tighter global financial conditions)"", ""commodity demand destruction""]",-7.1373,False
2015-04-01,8,Transition / Mixed signals,Transition / Signaux mixtes,G_neutral,I_neutral,accommodating,synchronized,-0.1567,-0.1,,1.57,2.16,-0.5543,1.47,0.12,-0.2618,-44.7661,False,1.1.0,full,"[""commodity demand destruction""]",-10.3448,False
2015-05-01,8,Transition / Mixed signals,Transition / Signaux mixtes,G_neutral,I_neutral,accommodating,synchronized,-0.11,0.0,,1.55,2.03,-0.5556,1.51,0.12,1.0802,-41.5008,False,1.1.0,full,"[""commodity demand destruction""]",-12.8878,False
2015-06-01,8,Transition / Mixed signals,Transition / Signaux mixtes,G_neutral,I_neutral,accommodating,synchronized,-0.16,-0.07,,1.57,2.13,-0.5493,1.71,0.13,-0.8568,-45.0089,False,1.1.0,full,"[""commodity demand destruction""]",-12.9571,False
2015-07-01,8,Transition / Mixed signals,Transition / Signaux mixtes,G_neutral,I_neutral,accommodating,synchronized,-0.0433,-0.03,,1.55,2.12,-0.5248,1.53,0.13,3.2949,-47.0263,False,1.1.0,full,"[""dollar strengthening (tighter global financial conditions)"", ""commodity demand destruction""]",-7.9536,False
2015-08-01,8,Transition / Mixed signals,Transition / Signaux mixtes,G_neutral,I_neutral,neutral,synchronized,-0.0233,-0.13,,1.57,2.0,-0.446,1.47,0.14,3.5819,-54.2171,False,1.1.0,full,"[""dollar strengthening (tighter global financial conditions)"", ""commodity demand destruction"", ""elevated market volatility""]",-9.1135,False
2015-09-01,8,Transition / Mixed signals,Transition / Signaux mixtes,G_neutral,I_neutral,neutral,synchronized,-0.0167,-0.07,,1.56,1.75,-0.394,1.42,0.14,4.5175,-50.9527,False,1.1.0,full,"[""dollar strengthening (tighter global financial conditions)"", ""commodity demand destruction"", ""elevated market volatility"", ""European systemic stress elevated""]",-9.0528,False
2015-10-01,8,Transition / Mixed signals,Transition / Signaux mixtes,G_neutral,I_neutral,neutral,synchronized,-0.22,-0.1,,1.52,1.86,-0.438,1.41,0.12,1.3109,-44.6071,False,1.1.0,full,"[""commodity demand destruction""]",-8.2251,False
2015-11-01,8,Transition / Mixed signals,Transition / Signaux mixtes,G_neutral,I_neutral,neutral,synchronized,-0.2467,-0.03,,1.49,1.88,-0.4565,1.27,0.12,1.6081,-44.2724,False,1.1.0,full,"[""commodity demand destruction""]",-7.1123,False
2015-12-01,8,Transition / Mixed signals,Transition / Signaux mixtes,G_neutral,I_minus,neutral,synchronized,-0.3067,-0.03,,1.48,1.77,-0.3837,1.21,0.24,1.807,-39.0279,False,1.1.0,full,"[""commodity demand destruction""]",-6.2063,False
2016-01-01,8,Transition / Mixed signals,Transition / Signaux mixtes,G_neutral,I_minus,neutral,synchronized,-0.19,-0.03,,1.6,1.63,-0.2994,1.18,0.34,4.8683,-35.7203,False,1.1.0,full,"[""dollar strengthening (tighter global financial conditions)"", ""commodity demand destruction"", ""elevated market volatility""]",-3.5436,False
2016-02-01,8,Transition / Mixed signals,Transition / Signaux mixtes,G_neutral,I_neutral,neutral,synchronized,-0.1467,-0.03,,1.59,1.61,-0.2812,0.96,0.38,1.6929,-44.6127,False,1.1.0,full,"[""commodity demand destruction"", ""elevated market volatility"", ""European systemic stress elevated""]",-7.6133,False
2016-03-01,8,Transition / Mixed signals,Transition / Signaux mixtes,G_neutral,I_neutral,neutral,synchronized,-0.1567,0.0,,1.62,1.75,-0.3445,1.05,0.36,-3.0207,-31.6336,False,1.1.0,full,"[""dollar weakening (easing global financial conditions)"", ""commodity demand destruction""]",-11.2331,False
2016-04-01,8,Transition / Mixed signals,Transition / Signaux mixtes,G_neutral,I_neutral,neutral,synchronized,-0.22,0.03,,1.64,1.82,-0.3836,1.06,0.37,-5.8367,-30.1411,False,1.1.0,full,"[""dollar weakening (easing global financial conditions)"", ""commodity demand destruction""]",-8.042,False
2016-05-01,8,Transition / Mixed signals,Transition / Signaux mixtes,G_neutral,I_neutral,neutral,synchronized,-0.26,-0.03,,1.68,1.61,-0.3788,0.97,0.37,-1.588,-27.0599,False,1.1.0,full,"[""commodity demand destruction""]",1.6438,False
2016-06-01,8,Transition / Mixed signals,Transition / Signaux mixtes,G_neutral,I_neutral,neutral,divergent,-0.1067,-0.03,,1.66,1.42,-0.357,0.91,0.38,2.0403,-21.5192,False,1.1.0,full,"[""commodity demand destruction""]",-3.0137,False
2016-07-01,8,Transition / Mixed signals,Transition / Signaux mixtes,G_neutral,I_neutral,neutral,synchronized,-0.0567,-0.03,,1.67,1.67,-0.3566,0.79,0.39,2.7995,-20.5269,False,1.1.0,full,"[""commodity demand destruction"", ""European systemic stress elevated""]",-7.2007,False
2016-08-01,8,Transition / Mixed signals,Transition / Signaux mixtes,G_neutral,I_neutral,neutral,synchronized,-0.0133,0.07,,1.71,1.67,-0.3682,0.78,0.4,-0.0213,-1.4617,False,1.1.0,full,[],-3.464,False
2016-09-01,8,Transition / Mixed signals,Transition / Signaux mixtes,G_neutral,I_neutral,neutral,synchronized,-0.0867,0.1,,1.74,1.75,-0.348,0.83,0.4,0.1049,-2.205,False,1.1.0,full,[],-6.679,False
2016-10-01,8,Transition / Mixed signals,Transition / Signaux mixtes,G_neutral,I_neutral,neutral,synchronized,-0.1267,0.1,,1.82,1.87,-0.3685,0.98,0.4,1.9172,2.2507,False,1.1.0,full,[],-4.3396,False
2016-11-01,8,Transition / Mixed signals,Transition / Signaux mixtes,G_neutral,I_neutral,neutral,synchronized,-0.1267,0.0,,1.85,2.11,-0.4178,1.26,0.41,4.7685,1.0391,False,1.1.0,full,"[""dollar strengthening (tighter global financial conditions)""]",-8.3948,False
2016-12-01,8,Transition / Mixed signals,Transition / Signaux mixtes,G_neutral,I_neutral,neutral,synchronized,0.03,-0.07,,1.91,2.06,-0.4604,1.25,0.54,5.4036,40.2526,True,1.1.0,full,"[""dollar strengthening (tighter global financial conditions)"", ""commodity supply/demand shock""]",-6.1808,False
2017-01-01,8,Transition / Mixed signals,Transition / Signaux mixtes,G_neutral,I_neutral,neutral,synchronized,0.0167,0.0,,1.95,2.16,-0.4865,1.26,0.65,1.9342,77.785,True,1.1.0,full,"[""commodity supply/demand shock""]",-12.276,False
2017-02-01,8,Transition / Mixed signals,Transition / Signaux mixtes,G_neutral,I_neutral,neutral,synchronized,0.06,0.03,,1.91,2.15,-0.4952,1.14,0.66,-1.4949,70.5096,True,1.1.0,full,"[""commodity supply/demand shock""]",-12.8704,False
2017-03-01,8,Transition / Mixed signals,Transition / Signaux mixtes,G_neutral,I_neutral,neutral,synchronized,-0.06,-0.03,,1.84,2.17,-0.4878,1.13,0.79,-3.002,35.017,False,1.1.0,full,"[""dollar weakening (easing global financial conditions)"", ""commodity supply/demand shock""]",-11.2061,False
2017-04-01,8,Transition / Mixed signals,Transition / Signaux mixtes,G_neutral,I_neutral,accommodating,synchronized,0.09,-0.13,,1.78,2.03,-0.5002,1.01,0.9,-1.2359,25.8057,False,1.1.0,full,"[""commodity supply/demand shock""]",-13.7833,False
2017-05-01,8,Transition / Mixed signals,Transition / Signaux mixtes,G_neutral,I_neutral,accommodating,synchronized,0.1267,-0.13,,1.68,1.9,-0.5373,0.93,0.91,-2.3341,7.6808,False,1.1.0,full,[],-15.9928,False
2017-06-01,2,Balanced Expansion,Expansion équilibrée,G_plus,I_neutral,accommodating,synchronized,0.1733,-0.03,,1.68,1.83,-0.567,0.93,1.04,-2.4428,-3.8964,False,1.1.0,full,[],-6.5033,False
2017-07-01,2,Balanced Expansion,Expansion équilibrée,G_plus,I_neutral,accommodating,synchronized,0.0067,-0.03,,1.64,1.97,-0.58,0.96,1.15,-4.3297,7.8532,False,1.1.0,full,"[""dollar weakening (easing global financial conditions)""]",-2.1339,False
2017-08-01,8,Transition / Mixed signals,Transition / Signaux mixtes,G_neutral,I_neutral,accommodating,synchronized,0.0033,0.03,,1.64,1.94,-0.5705,0.79,1.16,-3.4662,12.7836,False,1.1.0,full,"[""dollar weakening (easing global financial conditions)""]",-6.61,False
2017-09-01,8,Transition / Mixed signals,Transition / Signaux mixtes,G_neutral,I_neutral,accommodating,synchronized,0.01,-0.03,,1.63,2.0,-0.5652,0.86,1.15,-1.6992,20.5712,False,1.1.0,full,"[""commodity supply/demand shock""]",9.5427,False
2017-10-01,8,Transition / Mixed signals,Transition / Signaux mixtes,G_neutral,I_neutral,accommodating,synchronized,0.2433,-0.07,,1.63,1.97,-0.59,0.78,1.15,1.8098,16.1349,False,1.1.0,full,[],-2.5641,False
2017-11-01,2,Balanced Expansion,Expansion équilibrée,G_plus,I_neutral,accommodating,synchronized,0.3167,-0.1,,1.65,1.99,-0.6052,0.64,1.16,1.0023,40.1967,True,1.1.0,full,"[""commodity supply/demand shock""]",-0.4028,False
2017-12-01,2,Balanced Expansion,Expansion équilibrée,G_plus,I_neutral,accommodating,synchronized,0.3233,-0.03,,1.66,2.06,-0.6126,0.51,1.3,-0.0076,20.7466,False,1.1.0,full,"[""commodity supply/demand shock""]",-5.1131,False
2018-01-01,2,Balanced Expansion,Expansion équilibrée,G_plus,I_neutral,accommodating,synchronized,0.0667,0.0,,1.72,2.24,-0.6178,0.58,1.41,-4.5039,26.5665,False,1.1.0,full,"[""dollar weakening (easing global financial conditions)"", ""commodity supply/demand shock""]",-1.8386,False
2018-02-01,2,Balanced Expansion,Expansion équilibrée,G_plus,I_neutral,accommodating,synchronized,0.1467,0.0,,1.75,2.2,-0.5703,0.62,1.42,-1.878,19.045,False,1.1.0,full,[],-4.7821,False
2018-03-01,2,Balanced Expansion,Expansion équilibrée,G_plus,I_neutral,accommodating,synchronized,0.1133,0.0,,1.79,2.18,-0.512,0.47,1.51,-2.3619,27.9705,False,1.1.0,full,"[""commodity supply/demand shock""]",-4.0642,False
2018-04-01,2,Balanced Expansion,Expansion équilibrée,G_plus,I_neutral,accommodating,divergent,0.32,-0.07,,1.76,2.24,-0.5218,0.46,1.69,2.404,37.8513,False,1.1.0,full,"[""commodity supply/demand shock""]",0.2205,False
2018-05-01,2,Balanced Expansion,Expansion équilibrée,G_plus,I_neutral,accommodating,divergent,0.1167,-0.1,,1.86,2.11,-0.5623,0.43,1.7,3.3205,52.9505,True,1.1.0,full,"[""dollar strengthening (tighter global financial conditions)"", ""commodity supply/demand shock""]",-6.738,False
2018-06-01,2,Balanced Expansion,Expansion équilibrée,G_plus,I_neutral,accommodating,synchronized,0.1567,-0.03,,1.9,2.16,-0.5506,0.33,1.82,5.378,60.4701,True,1.1.0,full,"[""dollar strengthening (tighter global financial conditions)"", ""commodity supply/demand shock""]",-10.7863,False
2018-07-01,2,Balanced Expansion,Expansion équilibrée,G_plus,I_neutral,accommodating,synchronized,0.0433,0.0,,1.93,2.24,-0.552,0.29,1.91,3.1038,53.1559,True,1.1.0,full,"[""dollar strengthening (tighter global financial conditions)"", ""commodity supply/demand shock""]",-14.8662,False
2018-08-01,2,Balanced Expansion,Expansion équilibrée,G_plus,I_neutral,accommodating,synchronized,0.19,0.03,,1.93,2.18,-0.5876,0.24,1.91,2.0414,40.2901,True,1.1.0,full,"[""commodity supply/demand shock""]",-15.8426,False
2018-09-01,2,Balanced Expansion,Expansion équilibrée,G_plus,I_neutral,accommodating,synchronized,0.1233,-0.07,,1.94,2.25,-0.5982,0.24,1.95,0.4848,40.4987,True,1.1.0,full,"[""commodity supply/demand shock""]",-25.9528,False
2018-10-01,2,Balanced Expansion,Expansion équilibrée,G_plus,I_neutral,accommodating,synchronized,0.0367,-0.07,,1.96,2.2,-0.5695,0.28,2.19,3.3693,40.8972,True,1.1.0,full,"[""dollar strengthening (tighter global financial conditions)"", ""commodity supply/demand shock"", ""elevated market volatility""]",-14.3725,False
2018-11-01,8,Transition / Mixed signals,Transition / Signaux mixtes,G_neutral,I_neutral,neutral,synchronized,-0.06,-0.07,,2.02,2.17,-0.4994,0.21,2.2,1.8705,3.2531,False,1.1.0,full,[],-9.0817,False
2018-12-01,8,Transition / Mixed signals,Transition / Signaux mixtes,G_neutral,I_neutral,neutral,synchronized,-0.11,0.07,,2.02,1.91,-0.429,0.21,2.27,1.5462,-10.8902,False,1.1.0,full,"[""elevated market volatility""]",-8.2902,False
2019-01-01,8,Transition / Mixed signals,Transition / Signaux mixtes,G_neutral,I_neutral,neutral,synchronized,-0.16,0.13,,1.91,2.0,-0.4695,0.18,2.4,-2.5553,-13.9983,False,1.1.0,full,[],-6.8678,False
2019-02-01,8,Transition / Mixed signals,Transition / Signaux mixtes,G_neutral,I_neutral,accommodating,synchronized,-0.3,0.17,,1.97,2.06,-0.5547,0.21,2.4,-1.9018,-2.0821,False,1.1.0,full,[],0.7812,False
2019-03-01,8,Transition / Mixed signals,Transition / Signaux mixtes,G_neutral,I_neutral,accommodating,synchronized,-0.29,0.13,,2.01,1.98,-0.5954,0.14,2.41,-0.3723,0.1818,False,1.1.0,full,[],-4.5708,False
2019-04-01,8,Transition / Mixed signals,Transition / Signaux mixtes,G_neutral,I_neutral,accommodating,synchronized,-0.34,0.0,,2.13,2.05,-0.6098,0.24,2.42,1.5656,-1.2204,False,1.1.0,full,[],-10.011,False
2019-05-01,8,Transition / Mixed signals,Transition / Signaux mixtes,G_neutral,I_neutral,accommodating,synchronized,-0.1967,-0.07,,2.04,1.9,-0.5926,0.19,2.39,2.2139,-7.3526,False,1.1.0,full,[],-1.2429,False
2019-06-01,8,Transition / Mixed signals,Transition / Signaux mixtes,G_neutral,I_neutral,accommodating,synchronized,-0.15,-0.03,,2.0,1.85,-0.57,0.25,2.38,-0.482,-13.6944,False,1.1.0,full,[],1.6949,False
2019-07-01,8,Transition / Mixed signals,Transition / Signaux mixtes,G_neutral,I_neutral,accommodating,synchronized,-0.1,0.03,,2.04,1.96,-0.5755,0.13,2.4,0.1444,-13.9125,False,1.1.0,full,[],-0.5821,False
2019-08-01,8,Transition / Mixed signals,Transition / Signaux mixtes,G_neutral,I_neutral,accommodating,synchronized,-0.05,0.07,,2.05,1.75,-0.5436,0.0,2.13,1.2252,-18.5992,False,1.1.0,full,[],0.7194,False
2019-09-01,8,Transition / Mixed signals,Transition / Signaux mixtes,G_neutral,I_neutral,accommodating,synchronized,-0.2067,0.0,,1.99,1.71,-0.5102,0.05,2.04,2.9359,-20.3575,False,1.1.0,full,"[""commodity demand destruction""]",2.6961,False
2019-10-01,8,Transition / Mixed signals,Transition / Signaux mixtes,G_neutral,I_neutral,accommodating,divergent,-0.3467,-0.03,,1.97,1.64,-0.5272,0.17,1.83,0.3618,-26.3112,False,1.1.0,full,"[""commodity demand destruction""]",0.3546,False
2019-11-01,8,Transition / Mixed signals,Transition / Signaux mixtes,G_neutral,I_neutral,accommodating,synchronized,-0.3367,-0.07,,1.88,1.72,-0.567,0.17,1.55,-0.8777,-2.3784,False,1.1.0,full,[],-1.1099,False
2019-12-01,8,Transition / Mixed signals,Transition / Signaux mixtes,G_neutral,I_neutral,accommodating,synchronized,-0.31,0.0,,1.88,1.86,-0.5513,0.34,1.55,-2.7785,17.3466,False,1.1.0,full,[],6.6667,False
2020-01-01,8,Transition / Mixed signals,Transition / Signaux mixtes,G_neutral,I_neutral,accommodating,synchronized,-0.1333,0.0,,1.93,1.7,-0.598,0.18,1.55,-0.1536,7.1368,False,1.1.0,full,[],-3.2548,False
2020-02-01,8,Transition / Mixed signals,Transition / Signaux mixtes,G_neutral,I_neutral,neutral,synchronized,-0.1767,0.0,,1.93,1.49,-0.4615,0.27,1.58,0.458,-12.9769,False,1.1.0,full,"[""acute global market stress""]",-6.0674,False
2020-03-01,8,Transition / Mixed signals,Transition / Signaux mixtes,G_neutral,I_neutral,neutral,synchronized,-1.52,0.3,,1.85,1.25,0.0867,0.47,0.65,6.8555,-51.6027,False,1.1.0,full,"[""dollar strengthening (tighter global financial conditions)"", ""commodity demand destruction"", ""acute global market stress"", ""European systemic stress elevated""]",321.729,True
2020-04-01,6,Slowdown,Ralentissement,G_minus,I_neutral,neutral,synchronized,-7.54,4.0,,1.73,1.42,0.248,0.44,0.05,5.6962,-74.1963,False,1.1.0,full,"[""dollar strengthening (tighter global financial conditions)"", ""commodity demand destruction"", ""acute global market stress"", ""European systemic stress elevated""]",2485.9413,True
2020-05-01,6,Slowdown,Ralentissement,G_minus,I_neutral,neutral,synchronized,-5.9767,7.27,,1.79,1.47,-0.1158,0.49,0.05,2.7954,-58.8054,False,1.1.0,full,"[""commodity demand destruction"", ""elevated market volatility"", ""European systemic stress elevated""]",955.8352,True
2020-06-01,6,Slowdown,Ralentissement,G_minus,I_neutral,neutral,synchronized,-2.41,9.5,,1.79,1.52,-0.3523,0.5,0.08,-1.6855,-37.2937,False,1.1.0,full,"[""commodity demand destruction"", ""acute global market stress""]",583.7778,True
2020-07-01,6,Slowdown,Ralentissement,G_minus,I_neutral,neutral,synchronized,4.5733,8.0,,1.84,1.7,-0.4378,0.44,0.09,-4.1845,-32.3529,False,1.1.0,full,"[""dollar weakening (easing global financial conditions)"", ""commodity demand destruction"", ""elevated market volatility""]",563.5492,True
2020-08-01,2,Balanced Expansion,Expansion équilibrée,G_plus,I_neutral,neutral,synchronized,3.4067,6.37,,1.84,1.91,-0.4995,0.58,0.1,-4.2889,-24.2209,False,1.1.0,full,"[""dollar weakening (easing global financial conditions)"", ""commodity demand destruction"", ""elevated market volatility""]",344.1667,True
2020-09-01,2,Balanced Expansion,Expansion équilibrée,G_plus,I_neutral,neutral,synchronized,1.4667,5.3,,1.85,1.76,-0.4985,0.56,0.09,-2.9211,-34.8878,False,1.1.0,full,"[""commodity demand destruction"", ""elevated market volatility""]",316.8258,True
2020-10-01,2,Balanced Expansion,Expansion équilibrée,G_plus,I_neutral,neutral,synchronized,0.9233,4.2,,1.8,1.81,-0.494,0.74,0.09,-0.9153,-32.6913,False,1.1.0,full,"[""commodity demand destruction"", ""acute global market stress""]",277.3852,True
2020-11-01,2,Balanced Expansion,Expansion équilibrée,G_plus,I_neutral,accommodating,synchronized,0.5967,3.63,,1.75,1.86,-0.5435,0.68,0.09,-2.1882,-32.4632,False,1.1.0,full,"[""commodity demand destruction"", ""elevated market volatility""]",241.3019,True
2020-12-01,2,Balanced Expansion,Expansion équilibrée,G_plus,I_neutral,accommodating,synchronized,0.6567,3.23,,1.74,2.03,-0.5922,0.8,0.09,-4.8134,-25.7317,False,1.1.0,full,"[""dollar weakening (easing global financial conditions)"", ""commodity demand destruction"", ""elevated market volatility""]",250.7415,True
2021-01-01,2,Balanced Expansion,Expansion équilibrée,G_plus,I_neutral,accommodating,synchronized,0.6067,3.03,,1.74,2.05,-0.6144,1.0,0.09,-3.6029,-13.9513,False,1.1.0,full,"[""dollar weakening (easing global financial conditions)"", ""acute global market stress""]",287.007,True
2021-02-01,2,Balanced Expansion,Expansion équilibrée,G_plus,I_neutral,accommodating,synchronized,-0.1,2.87,,1.73,1.91,-0.623,1.3,0.08,-0.3489,11.8936,False,1.1.0,full,"[""elevated market volatility""]",273.0861,True
2021-03-01,2,Balanced Expansion,Expansion équilibrée,G_plus,I_neutral,accommodating,synchronized,0.4733,2.33,,1.83,2.2,-0.6385,1.58,0.07,2.2517,104.3424,True,1.1.0,full,"[""commodity supply/demand shock""]",-24.5706,False
2021-04-01,2,Balanced Expansion,Expansion équilibrée,G_plus,I_neutral,accommodating,synchronized,0.2267,-0.07,,1.94,2.25,-0.669,1.49,0.07,0.1186,252.6115,True,1.1.0,full,"[""commodity supply/demand shock""]",-87.3693,False
2021-05-01,2,Balanced Expansion,Expansion équilibrée,G_plus,I_neutral,accommodating,synchronized,0.9167,-0.13,,2.05,2.27,-0.689,1.44,0.06,-1.8373,133.2539,True,1.1.0,full,"[""commodity supply/demand shock""]",-79.2046,False
2021-06-01,2,Balanced Expansion,Expansion équilibrée,G_plus,I_neutral,accommodating,synchronized,0.2267,-0.03,,2.12,2.17,-0.69,1.2,0.08,-1.1159,81.6737,True,1.1.0,full,"[""commodity supply/demand shock""]",-72.4244,False
2021-07-01,2,Balanced Expansion,Expansion équilibrée,G_plus,I_neutral,accommodating,synchronized,0.4367,-0.23,,2.15,2.24,-0.6666,1.05,0.1,0.5242,73.8437,True,1.1.0,full,"[""commodity supply/demand shock""]",-73.4189,False
2021-08-01,2,Balanced Expansion,Expansion équilibrée,G_plus,I_neutral,accommodating,divergent,0.3467,-0.2,,2.26,2.18,-0.6468,1.1,0.09,2.1218,58.1359,True,1.1.0,full,"[""commodity supply/demand shock""]",-60.7344,False
2021-09-01,2,Balanced Expansion,Expansion équilibrée,G_plus,I_neutral,accommodating,synchronized,0.1933,-0.37,,2.52,2.23,-0.6498,1.24,0.08,1.8542,82.0826,True,1.1.0,full,"[""commodity supply/demand shock"", ""elevated market volatility""]",-60.0057,False
2021-10-01,2,Balanced Expansion,Expansion équilibrée,G_plus,I_neutral,accommodating,synchronized,0.2533,-0.27,,2.81,2.13,-0.6404,1.07,0.08,1.2989,107.8627,True,1.1.0,full,"[""commodity supply/demand shock""]",-63.764,False
2021-11-01,3,Overheating,Surchauffe,G_plus,I_plus,accommodating,synchronized,0.4833,-0.33,,3.09,2.2,-0.5757,0.91,0.08,2.7403,89.8571,False,1.1.0,full,"[""commodity supply/demand shock"", ""elevated market volatility""]",-67.5765,False
2021-12-01,3,Overheating,Surchauffe,G_plus,I_plus,accommodating,synchronized,0.5833,-0.27,,3.36,2.25,-0.5434,0.79,0.08,0.5606,48.3697,False,1.1.0,full,"[""commodity supply/demand shock""]",-74.156,False
2022-01-01,3,Overheating,Surchauffe,G_plus,I_plus,accommodating,synchronized,0.26,-0.2,,3.7,2.06,-0.553,0.61,0.08,1.2539,57.9514,False,1.1.0,full,"[""commodity supply/demand shock"", ""elevated market volatility""]",-71.0731,False
2022-02-01,3,Overheating,Surchauffe,G_plus,I_plus,neutral,synchronized,0.1767,-0.13,,3.91,2.13,-0.4795,0.39,0.08,-0.8474,55.957,False,1.1.0,full,"[""commodity supply/demand shock"", ""acute global market stress""]",-71.1767,False
2022-03-01,3,Overheating,Surchauffe,G_plus,I_plus,neutral,synchronized,0.2633,-0.1,,4.0,2.34,-0.3872,0.04,0.2,-0.0531,79.2539,False,1.1.0,full,"[""commodity supply/demand shock"", ""elevated market volatility"", ""European systemic stress elevated""]",-68.6375,False
2022-04-01,3,Overheating,Surchauffe,G_plus,I_plus,neutral,synchronized,0.2767,-0.13,,4.07,2.46,-0.3562,0.19,0.33,3.3983,61.364,False,1.1.0,full,"[""dollar strengthening (tighter global financial conditions)"", ""commodity supply/demand shock"", ""acute global market stress""]",-64.0492,False
2022-05-01,3,Overheating,Surchauffe,G_plus,I_plus,neutral,synchronized,0.0067,-0.07,,4.27,2.32,-0.2875,0.32,0.77,2.4717,65.3874,False,1.1.0,full,"[""commodity supply/demand shock"", ""elevated market volatility"", ""European systemic stress elevated""]",-55.2892,False
2022-06-01,4,Inflationary Pressure,Pression inflationniste,G_neutral,I_plus,neutral,synchronized,-0.22,0.0,,4.66,2.08,-0.1998,0.06,1.21,4.9846,67.7283,False,1.1.0,full,"[""dollar strengthening (tighter global financial conditions)"", ""commodity supply/demand shock"", ""elevated market volatility"", ""European systemic stress elevated""]",-50.6777,False
2022-07-01,4,Inflationary Pressure,Pression inflationniste,G_neutral,I_plus,neutral,synchronized,-0.1533,-0.03,,4.76,2.33,-0.1854,-0.22,1.68,1.9035,48.9025,False,1.1.0,full,"[""commodity supply/demand shock"", ""elevated market volatility"", ""European systemic stress elevated""]",-41.3324,False
2022-08-01,4,Inflationary Pressure,Pression inflationniste,G_neutral,I_plus,neutral,synchronized,-0.0033,0.03,,5.01,2.38,-0.2318,-0.3,2.33,4.6283,41.9788,False,1.1.0,full,"[""dollar strengthening (tighter global financial conditions)"", ""commodity supply/demand shock"", ""elevated market volatility"", ""European systemic stress elevated""]",-39.6587,False
2022-09-01,4,Inflationary Pressure,Pression inflationniste,G_neutral,I_plus,neutral,synchronized,0.08,0.0,,4.99,2.16,-0.1516,-0.39,2.56,5.4144,20.4994,False,1.1.0,full,"[""dollar strengthening (tighter global financial conditions)"", ""commodity supply/demand shock"", ""acute global market stress"", ""European systemic stress elevated""]",-44.327,False
2022-10-01,4,Inflationary Pressure,Pression inflationniste,G_neutral,I_plus,neutral,synchronized,0.0267,0.07,,5.01,2.37,-0.1072,-0.41,3.08,4.8076,11.7189,False,1.1.0,full,"[""dollar strengthening (tighter global financial conditions)"", ""elevated market volatility"", ""European systemic stress elevated""]",-30.1464,False
2022-11-01,4,Inflationary Pressure,Pression inflationniste,G_neutral,I_plus,neutral,synchronized,-0.1867,0.07,,4.97,2.27,-0.1623,-0.7,3.78,-0.0142,12.7946,False,1.1.0,full,"[""elevated market volatility"", ""European systemic stress elevated""]",-15.213,False
2022-12-01,4,Inflationary Pressure,Pression inflationniste,G_neutral,I_plus,neutral,synchronized,-0.34,0.03,,4.92,2.27,-0.1982,-0.53,4.1,-4.7753,9.1007,False,1.1.0,full,"[""dollar weakening (easing global financial conditions)"", ""elevated market volatility""]",-3.3526,False
2023-01-01,4,Inflationary Pressure,Pression inflationniste,G_neutral,I_plus,neutral,synchronized,-0.1633,-0.07,,4.85,2.21,-0.2765,-0.69,4.33,-6.7713,-4.6353,False,1.1.0,full,"[""dollar weakening (easing global financial conditions)""]",-14.715,False
2023-02-01,4,Inflationary Pressure,Pression inflationniste,G_neutral,I_plus,neutral,divergent,-0.1067,0.0,,4.82,2.28,-0.2958,-0.89,4.57,-1.7677,-14.9696,False,1.1.0,full,"[""elevated market volatility""]",-5.228,False
2023-03-01,4,Inflationary Pressure,Pression inflationniste,G_neutral,I_plus,neutral,divergent,-0.09,0.0,,4.86,2.24,-0.1846,-0.58,4.65,-1.701,-33.1087,False,1.1.0,full,"[""commodity demand destruction""]",6.5116,False
2023-04-01,4,Inflationary Pressure,Pression inflationniste,G_neutral,I_plus,neutral,divergent,-0.2667,0.0,,4.91,2.16,-0.172,-0.6,4.83,0.2056,-19.0667,False,1.1.0,full,[],2.5974,False
2023-05-01,4,Inflationary Pressure,Pression inflationniste,G_neutral,I_plus,neutral,divergent,-0.1833,0.03,,4.76,2.29,-0.2062,-0.76,5.06,-0.3032,-33.4127,False,1.1.0,full,"[""commodity demand destruction""]",3.4965,False
2023-06-01,4,Inflationary Pressure,Pression inflationniste,G_neutral,I_plus,neutral,synchronized,-0.1833,0.07,,4.37,2.26,-0.2188,-1.06,5.08,0.0003,-39.0107,False,1.1.0,full,"[""commodity demand destruction""]",18.0,True
2023-07-01,4,Inflationary Pressure,Pression inflationniste,G_neutral,I_plus,neutral,synchronized,-0.1533,0.1,,4.23,2.47,-0.2562,-0.91,5.12,-1.1748,-28.4285,False,1.1.0,full,"[""commodity demand destruction""]",8.6906,False
2023-08-01,4,Inflationary Pressure,Pression inflationniste,G_neutral,I_plus,neutral,synchronized,-0.15,0.13,,3.91,2.33,-0.3157,-0.76,5.33,-0.6127,-14.2359,False,1.1.0,full,[],11.3122,False
2023-09-01,4,Inflationary Pressure,Pression inflationniste,G_neutral,I_plus,neutral,synchronized,-0.0233,0.2,,3.83,2.48,-0.328,-0.44,5.33,2.4691,4.4118,False,1.1.0,full,[],11.0127,False
2023-10-01,4,Inflationary Pressure,Pression inflationniste,G_neutral,I_plus,neutral,synchronized,-0.2367,0.33,,3.6,2.44,-0.2897,-0.19,5.33,5.1028,-2.9251,False,1.1.0,full,"[""dollar strengthening (tighter global financial conditions)""]",3.5758,False
2023-11-01,4,Inflationary Pressure,Pression inflationniste,G_neutral,I_plus,neutral,synchronized,-0.1333,0.3,,3.45,2.31,-0.3033,-0.36,5.33,0.0153,-9.2759,False,1.1.0,full,[],4.7847,False
2023-12-01,4,Inflationary Pressure,Pression inflationniste,G_neutral,I_plus,neutral,synchronized,-0.1633,0.23,,3.27,2.2,-0.3478,-0.35,5.33,-3.178,-4.0657,False,1.1.0,full,"[""dollar weakening (easing global financial conditions)""]",0.3589,False
2024-01-01,4,Inflationary Pressure,Pression inflationniste,G_neutral,I_plus,neutral,synchronized,-0.3233,0.2,,3.25,2.28,-0.384,-0.28,5.33,-2.7482,-2.8848,False,1.1.0,full,[],-0.3645,False
2024-02-01,4,Inflationary Pressure,Pression inflationniste,G_neutral,I_plus,neutral,synchronized,-0.2833,0.27,,3.16,2.26,-0.4123,-0.39,5.33,0.7809,1.0776,False,1.1.0,full,[],0.2347,False
2024-03-01,4,Inflationary Pressure,Pression inflationniste,G_neutral,I_plus,neutral,synchronized,-0.2867,0.3,,3.14,2.26,-0.4332,-0.39,5.33,2.1941,8.8997,False,1.1.0,full,[],-6.8777,False
2024-04-01,4,Inflationary Pressure,Pression inflationniste,G_neutral,I_plus,neutral,synchronized,-0.0833,0.37,,3.02,2.39,-0.4165,-0.35,5.33,2.1192,6.2618,False,1.1.0,full,[],-1.3809,False
2024-05-01,4,Inflationary Pressure,Pression inflationniste,G_neutral,I_plus,neutral,synchronized,-0.1167,0.37,,2.9,2.36,-0.41,-0.38,5.33,0.7556,8.3212,False,1.1.0,full,[],-1.7699,False
2024-06-01,4,Inflationary Pressure,Pression inflationniste,G_neutral,I_plus,neutral,synchronized,-0.1467,0.43,,2.91,2.32,-0.39,-0.35,5.33,2.6369,9.9011,False,1.1.0,full,[],-6.68,False
2024-07-01,5,Stagflation,Stagflation,G_minus,I_plus,neutral,synchronized,-0.15,0.53,,2.86,2.35,-0.3658,-0.2,5.33,0.5301,6.2913,False,1.1.0,full,[],0.1066,False
2024-08-01,5,Stagflation,Stagflation,G_minus,I_plus,neutral,synchronized,-0.23,0.57,,2.81,2.29,-0.37,0.0,5.33,0.1869,-6.7208,False,1.1.0,full,[],-5.5102,False
2024-09-01,4,Inflationary Pressure,Pression inflationniste,G_neutral,I_plus,neutral,synchronized,-0.2533,0.5,,2.8,2.29,-0.4135,0.15,5.13,-2.354,-21.0201,False,1.1.0,full,"[""commodity demand destruction""]",2.3945,False
2024-10-01,4,Inflationary Pressure,Pression inflationniste,G_neutral,I_plus,neutral,synchronized,-0.31,0.43,,2.87,2.28,-0.436,0.12,4.83,0.9394,-16.5232,False,1.1.0,full,"[""elevated market volatility""]",13.4524,False
2024-11-01,4,Inflationary Pressure,Pression inflationniste,G_neutral,I_plus,neutral,synchronized,-0.3033,0.43,,2.9,2.19,-0.4624,0.05,4.64,3.4773,-10.3569,False,1.1.0,full,"[""dollar strengthening (tighter global financial conditions)""]",0.2294,False
2024-12-01,4,Inflationary Pressure,Pression inflationniste,G_neutral,I_plus,neutral,synchronized,-0.0967,0.4,,2.98,2.3,-0.478,0.33,4.48,6.5886,-4.8564,False,1.1.0,full,"[""dollar strengthening (tighter global financial conditions)""]",7.3897,False
2025-01-01,4,Inflationary Pressure,Pression inflationniste,G_neutral,I_plus,neutral,synchronized,-0.0767,0.37,,2.77,2.3,-0.4968,0.36,4.33,2.952,-1.0609,False,1.1.0,full,[],1.6548,False
2025-02-01,4,Inflationary Pressure,Pression inflationniste,G_neutral,I_plus,neutral,synchronized,0.0733,0.27,,2.73,2.18,-0.4932,0.25,4.33,1.3436,-9.631,False,1.1.0,full,[],7.1429,False
2025-03-01,8,Transition / Mixed signals,Transition / Signaux mixtes,G_neutral,I_neutral,neutral,synchronized,0.0167,0.27,,2.65,2.15,-0.4333,0.34,4.33,-1.988,-14.846,False,1.1.0,full,"[""elevated market volatility""]",4.9238,False
2025-04-01,8,Transition / Mixed signals,Transition / Signaux mixtes,G_neutral,I_neutral,neutral,synchronized,0.0633,0.27,,2.64,2.17,-0.3858,0.57,4.33,-4.5848,-24.2495,False,1.1.0,full,"[""dollar weakening (easing global financial conditions)"", ""commodity demand destruction"", ""elevated market volatility""]",3.1505,False
2025-05-01,8,Transition / Mixed signals,Transition / Signaux mixtes,G_neutral,I_neutral,neutral,divergent,-0.1667,0.27,,2.61,2.29,-0.4348,0.52,4.33,-5.0772,-21.1621,False,1.1.0,full,"[""dollar weakening (easing global financial conditions)"", ""commodity demand destruction""]",3.0405,False
2025-06-01,8,Transition / Mixed signals,Transition / Signaux mixtes,G_neutral,I_neutral,neutral,divergent,-0.2433,0.17,,2.7,2.27,-0.4832,0.52,4.33,-5.7603,-13.1429,False,1.1.0,full,"[""dollar weakening (easing global financial conditions)""]",3.5256,False
2025-07-01,8,Transition / Mixed signals,Transition / Signaux mixtes,G_neutral,I_neutral,accommodating,synchronized,-0.12,0.1,,2.69,2.32,-0.508,0.43,4.33,-0.7106,-16.5708,False,1.1.0,full,[],-4.3663,False
2025-08-01,8,Transition / Mixed signals,Transition / Signaux mixtes,G_neutral,I_neutral,accommodating,synchronized,-0.14,0.13,,2.8,2.35,-0.5214,0.64,4.33,-1.2805,-15.5426,False,1.1.0,full,[],-1.5119,False
2025-09-01,8,Transition / Mixed signals,Transition / Signaux mixtes,G_neutral,I_neutral,accommodating,synchronized,-0.22,0.23,,2.7,2.3,-0.5232,0.56,4.22,0.6097,-8.1464,False,1.1.0,full,[],5.4566,False
2025-10-01,8,Transition / Mixed signals,Transition / Signaux mixtes,G_neutral,I_neutral,accommodating,synchronized,-0.39,0.23,,2.55,2.2,-0.5158,0.51,4.09,-0.2753,-14.6635,False,1.1.0,full,[],-4.0212,False
2025-11-01,8,Transition / Mixed signals,Transition / Signaux mixtes,G_neutral,I_neutral,accommodating,synchronized,-0.37,0.43,,2.51,2.17,-0.505,0.55,3.88,0.7025,-14.1896,False,1.1.0,full,[],2.5172,False
2025-12-01,8,Transition / Mixed signals,Transition / Signaux mixtes,G_neutral,I_neutral,accommodating,synchronized,-0.2867,0.35,,2.44,2.24,-0.519,0.71,3.72,-0.3256,-15.3263,False,1.1.0,full,[],-1.2209,False
2026-01-01,8,Transition / Mixed signals,Transition / Signaux mixtes,G_neutral,I_neutral,accommodating,synchronized,-0.1333,0.3,,2.41,2.19,-0.5574,0.74,3.64,-2.8721,-15.9833,False,1.1.0,full,[],-3.6047,False
2026-02-01,8,Transition / Mixed signals,Transition / Signaux mixtes,G_neutral,I_neutral,accommodating,synchronized,0.0333,0.27,,2.34,2.1,-0.529,0.59,3.64,-2.6686,-6.0313,False,1.1.0,full,[],-2.3333,False
2026-03-01,8,Transition / Mixed signals,Transition / Signaux mixtes,G_neutral,I_neutral,neutral,synchronized,-0.01,0.2,,2.36,2.06,-0.466,0.51,3.64,1.0768,41.7984,True,1.1.0,full,"[""commodity supply/demand shock"", ""elevated market volatility""]",-5.8101,False
2026-04-01,8,Transition / Mixed signals,Transition / Signaux mixtes,G_neutral,I_neutral,neutral,synchronized,0.0667,0.13,,2.34,2.25,-0.4745,0.52,3.64,0.6543,72.1562,True,1.1.0,full,"[""commodity supply/demand shock""]",-4.5249,False
2026-05-01,8,Transition / Mixed signals,Transition / Signaux mixtes,G_neutral,I_neutral,neutral,synchronized,-0.0333,0.1,,2.41,2.24,-0.4976,0.47,3.63,0.8963,66.2374,True,1.1.0,full,"[""commodity supply/demand shock""]",-8.9617,False
2026-06-01,8,Transition / Mixed signals,Transition / Signaux mixtes,G_neutral,I_neutral,neutral,synchronized,-0.0333,0.07,,2.41,2.22,-0.5,0.3,3.63,-0.091,19.5409,False,1.1.0,full,[],-7.3271,False
2026-07-01,8,Transition / Mixed signals,Transition / Signaux mixtes,G_neutral,I_neutral,accommodating,synchronized,-0.0333,0.07,,2.41,2.24,-0.531,0.37,3.63,1.5678,19.5409,False,1.1.0,full,[],-6.441,False
